{
  "year": 2017,
  "n_samples": 19003,
  "positive_rate": 0.1301373467347261,
  "pr_auc": 0.2626658906884507,
  "roc_auc": 0.6949047535525233
}