{
  "val_roc_auc": 0.7160578532052425,
  "val_pr_auc": 0.2214074415732871,
  "n_past": 50869,
  "n_train": 40695,
  "n_val": 10174,
  "pos_rate_past": 0.10124044113310661,
  "live_year": 2017,
  "live_roc_auc": 0.6949047535525233,
  "live_pr_auc": 0.2626658906884507
}